category,prompts,inter_hivemind_mean,inter_hivemind_std,intra_hivemind_mean,embedding_similarity_mean,ast_similarity_mean,naming_similarity_mean
ALGORITHM,5,0.21928332690427793,0.018520253142587678,0.600545769698215,0.0,0.3777059224493099,0.25172474610578144
REFACTOR,5,0.21120832700749315,0.012658221116156547,0.5929687836779347,0.0,0.33400039548057964,0.2622501141782457
OPEN_DESIGN,5,0.19719916639880802,0.027609327993194654,0.5523882266912182,0.0,0.32133911919328784,0.2430837170657057
NAMING,5,0.19022953289751846,0.04023638079986511,0.5485205869292655,0.0,0.30688197695202823,0.22551383709343834
CREATIVE_TOOL,5,0.1562532681797934,0.01617013264399972,0.5176060762042031,0.0,0.24615498022280974,0.18484434848030984
SYSTEM_DESIGN,5,0.15149491980812116,0.015404216355395425,0.5157155083523979,0.0,0.23358074526673972,0.19043208633866376
