model_provider,model_family,model_display,responses,prompts,mean_latency_ms,mean_input_tokens,mean_output_tokens
anthropic,Anthropic,Claude 3.5 Haiku,360,30,178.31944444737422,,
anthropic,Anthropic,Claude Sonnet 4,360,30,18616.908333333333,97.43333333333334,1540.5388888888888
google,Google,Gemini 2.5 Flash,360,30,681.8166666664183,59.285714285714285,103.28571428571429
google,Google,Gemini 2.5 Pro,360,30,69.57777777683481,,
openai,OpenAI,GPT-4o,360,30,5067.86388888884,93.23333333333333,414.73333333333335
openai,OpenAI,GPT-4o-mini,360,30,7734.619444442312,93.23333333333333,399.3305555555556
openai,OpenAI,o3-mini,360,30,10083.808333331157,92.23333333333333,1139.0111111111112
